<?xml version="1.0" encoding="UTF-8"?>
  <SupportAssistPrebootDiagnosticLog>
    <Schema>1.0.0</Schema>
    <LogNumber>1</LogNumber>
    <LogTimeStamp>12/20/2025 08:49:17</LogTimeStamp>
    <ePSA_Data>
      <Result>Abort</Result>
      <ReturnCode>BOOT_F2</ReturnCode>
      <DevicesTested>Disk,Memory</DevicesTested>
      <ePSAFullVersion>ED.5.4.16</ePSAFullVersion>
      <ePSAInvocationCount>1</ePSAInvocationCount>
    </ePSA_Data>
    <BIOS_Data>
      <ErrorCategory>NO_BOOT</ErrorCategory>
      <ErrorMessage><![CDATA[Operating System Loader has no signature. Incompatible with SecureBoot. All bootable devices failed Secure Boot verification.
]]></ErrorMessage>
      <Flags>BIOSCONNECT_ENABLED</Flags>
      <SOS_Available>FALSE</SOS_Available>
      <TimeOutSeconds>0</TimeOutSeconds>
    </BIOS_Data>
  </SupportAssistPrebootDiagnosticLog>
